processing_time,time
0.00016533348029668105,0.0024702244179763966
