processing_time,time
0.00020622240553080928,0.001927557268942337
